barcode,ident
AAACCTGAGATGCCAG,beta
AAACCTGCACCATGTA,alpha
AAACCTGCATCTCCCA,delta_1
AAACCTGCATTAACCG,delta_2
AAACCTGGTCTCTCGT,acinar
AAACCTGTCTAACTCT,beta
AAACGGGAGCTGTTCA,delta_2
AAACGGGTCATCATTC,endothelial
AAAGATGAGCGTAATA,delta_1
AAAGATGAGTGCTGCC,delta_2
AAAGATGCAACGATCT,beta
AAAGATGCAGACGCCT,delta_1
AAAGATGGTAACGCGA,beta
AAAGATGGTGAGGGTT,beta
AAAGATGTCTTACCGC,beta
AAAGCAATCTCGTTTA,delta_1
AAAGCAATCTGAGGGA,endothelial
AAAGTAGCACGTCAGC,beta
AAAGTAGGTTAAGTAG,delta_1
AAAGTAGGTTTGACAC,delta_1
AAAGTAGTCTGCAGTA,alpha
AAATGCCAGTGTTAGA,endothelial
AAATGCCCATCACCCT,beta
AAATGCCGTGACGCCT,alpha
AAATGCCTCCAAACTG,beta
AAATGCCTCCGCAGTG,delta_2
AAATGCCTCTTGTATC,delta_2
AACACGTAGTTGAGTA,delta_1
AACACGTCACCATGTA,delta_1
AACACGTCACGGCTAC,beta
AACACGTCATCTCGCT,beta
AACACGTGTCTGATCA,delta_1
AACACGTTCTCGAGTA,beta
AACCATGAGAGTGACC,beta
AACCATGAGTCCCACG,beta
AACCATGCAAACGTGG,acinar
AACCATGCAACACCCG,delta_1
AACCATGCAAGTTGTC,delta_1
AACCATGCATCACCCT,beta
AACCATGGTGCAGACA,beta
AACCATGGTGGTCTCG,beta
AACCATGTCTTCAACT,beta
AACCGCGAGGACCACA,delta_2
AACCGCGCATGCCTTC,delta_2
AACCGCGGTATATGGA,endothelial
AACCGCGGTGTGCGTC,acinar
AACCGCGTCAACCAAC,acinar
AACGTTGAGGACGAAA,beta
AACGTTGCACTCAGGC,beta
AACGTTGCAGCCTTGG,delta_2
AACGTTGTCATTGCGA,delta_1
AACGTTGTCGGCTTGG,delta_1
AACTCAGAGCGTGAGT,endothelial
AACTCAGAGGCCCTTG,acinar
AACTCAGAGTGTACTC,beta
AACTCAGAGTGTTTGC,beta
AACTCAGCATACAGCT,delta_1
AACTCAGGTCCGTTAA,alpha
AACTCCCAGATCCTGT,endothelial
AACTCCCAGGTCGGAT,delta_1
AACTCCCCATCGGGTC,beta
AACTCCCTCAGGCCCA,delta_1
AACTCCCTCGCATGGC,delta_1
AACTCCCTCTATGTGG,beta
AACTCTTAGCGATATA,acinar
AACTCTTAGTGGGATC,delta_1
AACTCTTCATTGCGGC,delta_2
AACTCTTGTGTAAGTA,acinar
AACTCTTGTTATGCGT,delta_2
AACTCTTTCCGCGGTA,beta
AACTGGTCATTAGCCA,delta_2
AACTGGTGTTCCACTC,acinar
AACTGGTGTTGCCTCT,endothelial
AACTGGTTCCCAAGAT,alpha
AACTTTCGTAGTACCT,alpha
AACTTTCGTGCCTGGT,alpha
AACTTTCTCCGCTGTT,beta
AAGACCTAGCCAGAAC,alpha
AAGACCTAGCCAGTAG,delta_2
AAGACCTAGCCCAACC,delta_1
AAGACCTCATGAACCT,delta_1
AAGACCTGTTGCGTTA,beta
AAGCCGCAGCGTAATA,beta
AAGCCGCAGCTATGCT,acinar
AAGCCGCAGCTGTCTA,acinar
AAGCCGCTCAACGCTA,delta_1
AAGGAGCAGACTCGGA,delta_1
AAGGAGCGTCCGACGT,delta_2
AAGGAGCGTGCACGAA,beta
AAGGAGCTCGTCTGCT,delta_1
AAGGCAGAGGAGCGAG,delta_1
AAGGCAGCACCGATAT,epsilon
AAGGCAGCATTCGACA,delta_1
AAGGCAGGTATCACCA,delta_1
AAGGTTCAGGAATGGA,beta
AAGGTTCCAAGTTCTG,acinar
AAGGTTCCATACGCTA,endothelial
AAGGTTCTCACCCTCA,delta_1
AAGTCTGCAGACGCTC,delta_1
AAGTCTGCAGTAAGCG,endothelial
AAGTCTGTCGCGATCG,delta_2
AATCCAGAGATGTTAG,acinar
AATCCAGCAATAAGCA,beta
AATCCAGGTATAGGTA,acinar
AATCCAGGTCGGGTCT,epsilon
AATCCAGTCGGTTAAC,delta_1
AATCGGTCATAACCTG,endothelial
AATCGGTGTAGGGACT,delta_2
AATCGGTGTATAGGGC,delta_1
AATCGGTTCAACTCTT,acinar
AATCGGTTCGACAGCC,acinar
ACACCAAAGGACTGGT,beta
ACACCAAAGGGAAACA,ductal
ACACCAACAAGCCCAC,beta
ACACCAACACAGACTT,alpha
ACACCAACATCGGACC,beta
ACACCAAGTGCCTTGG,beta
ACACCAATCAGGATCT,beta
ACACCAATCCTATGTT,acinar
ACACCCTAGGGATACC,beta
ACACCCTTCAAACCAC,alpha
ACACCGGAGCAAATCA,delta_1
ACACCGGCAAAGGAAG,beta
ACACCGGCACCGAAAG,alpha
ACACCGGCACGGTTTA,delta_1
ACACTGAAGCCTATGT,beta
ACACTGAAGGACAGAA,alpha
ACACTGATCTTCGGTC,endothelial
ACAGCCGAGAGACGAA,delta_2
ACAGCCGAGCACACAG,delta_1
ACAGCCGGTAAGCACG,beta
ACAGCCGGTCATACTG,acinar
ACAGCCGTCAGAAATG,delta_1
ACAGCTAAGATATACG,endothelial
ACAGCTATCGAATGCT,beta
ACATACGAGACTAAGT,beta
ACATACGAGCCTCGTG,delta_1
ACATACGAGCGACGTA,acinar
ACATACGCACTGTGTA,alpha
ACATACGCATGATCCA,beta
ACATCAGAGGTGCAAC,beta
ACATCAGAGTGACATA,delta_2
ACATCAGAGTGTACGG,beta
ACATCAGGTCGCGGTT,endothelial
ACATCAGGTCTCCCTA,delta_2
ACATGGTGTCACCCAG,beta
ACATGGTTCACATACG,delta_2
ACATGGTTCGTGGGAA,endothelial
ACCAGTAAGCTGCCCA,beta
ACCAGTACACAGGCCT,beta
ACCAGTAGTAGAGTGC,endothelial
ACCAGTAGTGCAACTT,delta_2
ACCAGTATCAAAGTAG,acinar
ACCAGTATCATGGTCA,endothelial
ACCCACTCACGCCAGT,acinar
ACCCACTCAGACGCAA,beta
ACCGTAACATGGGAAC,endothelial
ACCGTAACATTAGCCA,endothelial
ACCGTAAGTCTCACCT,acinar
ACCGTAAGTTCCGGCA,acinar
ACCGTAAGTTTAGCTG,beta
ACCGTAATCCTAGAAC,beta
ACCTTTAAGATCTGCT,beta
ACGAGCCCACCAGGTC,delta_2
ACGAGCCCAGGGATTG,beta
ACGAGCCGTATAGGGC,delta_1
ACGAGCCTCAGCTTAG,beta
ACGAGCCTCGAGAACG,delta_1
ACGAGCCTCTGTCTCG,delta_2
ACGAGGACACACATGT,beta
ACGAGGAGTGCAGACA,beta
ACGATACAGAAGGCCT,delta_1
ACGATACAGACATAAC,delta_2
ACGATACAGTTAACGA,endothelial
ACGATACTCCCATTTA,delta_2
ACGATACTCCCTTGTG,delta_1
ACGATACTCTGGCGTG,beta
ACGATGTAGTTAACGA,acinar
ACGATGTCACGGCGTT,beta
ACGATGTCAGGGATTG,delta_2
ACGATGTTCGCGCCAA,delta_1
ACGATGTTCTGGTATG,delta_1
ACGATGTTCTTCAACT,delta_2
ACGATGTTCTTCCTTC,acinar
ACGCAGCCACCTGGTG,acinar
ACGCAGCGTGATGTCT,acinar
ACGCAGCGTGCAGACA,delta_1
ACGCAGCTCACATGCA,beta
ACGCAGCTCGTCGTTC,epsilon
ACGCAGCTCTCGCATC,delta_1
ACGCCAGAGCGTAATA,acinar
ACGCCAGCATCCTAGA,alpha
ACGCCAGTCAGTTGAC,beta
ACGCCGAAGAAACCAT,delta_1
ACGCCGAAGTCGTTTG,alpha
ACGCCGACATGCCCGA,delta_1
ACGCCGACATTCTCAT,beta
ACGCCGAGTGCCTTGG,delta_2
ACGCCGATCTCTAGGA,beta
ACGGAGACAACCGCCA,acinar
ACGGAGACAGCTATTG,beta
ACGGAGACAGGTGCCT,alpha
ACGGAGAGTGTCCTCT,delta_2
ACGGAGATCACTTACT,beta
ACGGCCAAGAGCTGGT,endothelial
ACGGCCAAGCACGCCT,acinar
ACGGCCAAGCGATCCC,acinar
ACGGCCAAGTACCGGA,beta
ACGGCCACACCAGTTA,acinar
ACGGCCACAGACAAAT,alpha
ACGGCCAGTTCGTGAT,delta_2
ACGGCCATCTGGCGTG,endothelial
ACGGGCTAGGAGTTGC,beta
ACGGGCTAGGATGTAT,acinar
ACGGGCTCACAGATTC,beta
ACGGGCTGTAAGTGTA,delta_2
ACGGGCTGTAGCACGA,delta_2
ACGGGTCTCAACACGT,delta_2
ACGTCAAAGCTCTCGG,endothelial
ACGTCAAAGGCTAGAC,beta
ACTATCTAGCAGCCTC,delta_1
ACTATCTGTGCAACGA,epsilon
ACTATCTTCACAAACC,acinar
ACTATCTTCTACGAGT,endothelial
ACTGAACCAAGTCATC,alpha
ACTGAACGTAATAGCA,endothelial
ACTGAACGTCCATGAT,delta_1
ACTGAACGTTAAGAAC,delta_1
ACTGAACTCGTTTAGG,delta_1
ACTGAGTAGGAATCGC,beta
ACTGAGTAGTATTGGA,beta
ACTGAGTCACGAGAGT,beta
ACTGAGTCACGGATAG,acinar
ACTGATGCAAGTCTAC,beta
ACTGATGGTCCAAGTT,acinar
ACTGATGTCACCATAG,acinar
ACTGATGTCGAATGCT,endothelial
ACTGATGTCTACTATC,delta_2
ACTGCTCAGTTGCAGG,delta_1
ACTGCTCCATTGCGGC,delta_1
ACTGCTCGTCAGTGGA,beta
ACTGCTCGTCCTCTTG,beta
ACTGTCCAGGATTCGG,delta_1
ACTGTCCAGGGTTCCC,delta_1
ACTGTCCGTCGCTTCT,beta
ACTGTCCTCACTCTTA,acinar
ACTGTCCTCATTATCC,beta
ACTTACTAGACAGAGA,delta_2
ACTTACTAGCATGGCA,delta_1
ACTTACTAGCGATAGC,endothelial
ACTTACTAGTACGCGA,beta
ACTTACTGTTAAGATG,delta_2
ACTTGTTAGCTGTTCA,endothelial
ACTTGTTCAGCATACT,delta_1
ACTTGTTCATTTCAGG,delta_1
ACTTGTTGTAGAAAGG,beta
ACTTGTTTCCACGCAG,epsilon
ACTTTCAAGAGACTAT,alpha
ACTTTCACATGCCCGA,beta
AGAATAGCACGAAATA,acinar
AGAATAGCAGGTGGAT,endothelial
AGAATAGTCCGCGGTA,beta
AGAATAGTCGACCAGC,delta_1
AGAATAGTCGTAGGAG,alpha
AGAATAGTCTCTGCTG,beta
AGACGTTAGAAGGTTT,beta
AGACGTTAGCCACCTG,delta_2
AGACGTTAGGACATTA,delta_1
AGACGTTCACACGCTG,endothelial
AGACGTTTCAGCTTAG,beta
AGACGTTTCTACTATC,beta
AGAGCGAAGGAGCGTT,alpha
AGAGCGACAAATTGCC,alpha
AGAGCGACACTTACGA,delta_2
AGAGCGACAGGCTCAC,delta_1
AGAGCTTCAAACAACA,alpha
AGAGTGGAGGCAGTCA,beta
AGAGTGGAGGCATGTG,beta
AGAGTGGCACTGTCGG,beta
AGAGTGGTCGGAAACG,beta
AGAGTGGTCTCAAACG,acinar
AGATCTGAGAGTCTGG,beta
AGATCTGAGGATTCGG,beta
AGATCTGTCAAAGACA,beta
AGATCTGTCGGCCGAT,endothelial
AGATCTGTCTGGAGCC,acinar
AGATTGCTCAGGTTCA,beta
AGCAGCCCACAAGCCC,beta
AGCAGCCGTAGCTGCC,epsilon
AGCAGCCTCACCAGGC,delta_2
AGCAGCCTCCTCTAGC,epsilon
AGCATACCACTTCGAA,epsilon
AGCATACGTCTCTTTA,endothelial
AGCCTAACAATGGATA,delta_1
AGCCTAACATGCGCAC,beta
AGCCTAAGTACAGACG,delta_1
AGCCTAATCCATGAGT,beta
AGCGGTCAGAGCTTCT,beta
AGCGGTCAGGGATCTG,delta_1
AGCGGTCAGGTGTGGT,delta_1
AGCGGTCGTGCACGAA,delta_2
AGCGGTCTCATGCTCC,delta_2
AGCGGTCTCCGAGCCA,delta_1
AGCGGTCTCGTAGGAG,beta
AGCGTATCAAAGCAAT,acinar
AGCGTATCAATAGCAA,ductal
AGCGTATTCCAAGTAC,beta
AGCGTATTCGCCAGCA,beta
AGCGTCGCATTCGACA,delta_1
AGCTCCTCATCCGGGT,beta
AGCTCTCCATCCTTGC,alpha
AGCTCTCGTCAGAATA,delta_1
AGCTCTCGTCGGGTCT,acinar
AGCTCTCTCTAACTGG,delta_1
AGCTTGAAGAACTCGG,delta_1
AGCTTGAAGACCCACC,delta_1
AGCTTGAAGCGCCTCA,delta_1
AGCTTGAAGTCATGCT,beta
AGCTTGACAAGTCTGT,delta_1
AGCTTGACACGGTGTC,acinar
AGCTTGAGTGTCTGAT,beta
AGGCCACAGCTAACTC,alpha
AGGCCACAGGGAAACA,beta
AGGCCACGTTGGTAAA,beta
AGGCCACTCCAGTATG,endothelial
AGGCCACTCTATCCCG,delta_1
AGGCCGTAGAAACCAT,delta_1
AGGCCGTCAGCTGCAC,endothelial
AGGCCGTGTAATCGTC,alpha
AGGCCGTGTCGATTGT,delta_1
AGGCCGTTCCAATGGT,acinar
AGGCCGTTCCACTCCA,delta_1
AGGCCGTTCGCGTTTC,endothelial
AGGGAGTAGACTCGGA,delta_1
AGGGAGTAGGTAAACT,endothelial
AGGGAGTCAACGATCT,beta
AGGGAGTCAAGACACG,delta_1
AGGGAGTCATGAGCGA,alpha
AGGGAGTCATTAGCCA,beta
AGGGAGTGTGACTACT,beta
AGGGATGAGCTGAACG,beta
AGGGATGCAGCTGTTA,beta
AGGGATGGTATAGGGC,delta_1
AGGGATGTCAAGGCTT,endothelial
AGGGTGAAGTGAACAT,beta
AGGGTGACAGCCTTGG,endothelial
AGGGTGAGTCAAGCGA,delta_1
AGGGTGAGTCGGCTCA,acinar
AGGGTGATCCATGAAC,delta_1
AGGTCATCAGTCTTCC,beta
AGGTCATGTAAGGGCT,beta
AGGTCATGTAAGTGGC,beta
AGGTCATGTCAGATAA,beta
AGGTCATTCAGCGATT,delta_1
AGGTCATTCCTGCCAT,delta_2
AGGTCCGAGTTGCAGG,beta
AGGTCCGCATATGAGA,acinar
AGGTCCGGTAGAGCTG,delta_2
AGTAGTCAGCCGTCGT,beta
AGTAGTCAGTGAACGC,endothelial
AGTAGTCAGTTAGGTA,acinar
AGTAGTCGTCTTTCAT,delta_2
AGTAGTCTCCCAGGTG,beta
AGTCTTTAGAAGGTTT,beta
AGTCTTTAGCGAAGGG,alpha
AGTCTTTCAATGACCT,beta
AGTCTTTCATGCGCAC,alpha
AGTCTTTGTCTCTCTG,acinar
AGTCTTTTCCAACCAA,beta
AGTCTTTTCTGCGTAA,beta
AGTGAGGAGTGTACGG,alpha
AGTGAGGCACGAAATA,beta
AGTGAGGCATTGGGCC,beta
AGTGAGGGTTTCCACC,beta
AGTGAGGTCCGCATCT,beta
AGTGGGAAGTAGGTGC,alpha
AGTGGGATCTCTTGAT,beta
AGTGGGATCTTAACCT,beta
AGTGGGATCTTGTCAT,delta_2
AGTGTCACAATGAATG,acinar
AGTGTCAGTATGCTTG,acinar
AGTTGGTAGCCCAGCT,beta
AGTTGGTCAGCTGGCT,beta
AGTTGGTTCCTTGGTC,alpha
ATAACGCAGACGCAAC,delta_1
ATAACGCGTTCCACAA,beta
ATAACGCTCGAACGGA,alpha
ATAACGCTCTAAGCCA,acinar
ATAAGAGAGAGACTTA,acinar
ATAAGAGAGCCGATTT,beta
ATAAGAGCAGATCTGT,delta_1
ATAGACCAGGAGCGTT,delta_1
ATAGACCCAAAGGCGT,delta_1
ATAGACCCATATGAGA,beta
ATCACGAAGCGATAGC,delta_2
ATCACGACACCAACCG,acinar
ATCACGAGTATCAGTC,delta_1
ATCACGAGTCTAGAGG,acinar
ATCACGATCCATGAGT,endothelial
ATCATCTAGAAGGTGA,acinar
ATCATCTAGGCTCATT,beta
ATCATCTCAAAGCGGT,alpha
ATCATCTTCAGAGCTT,alpha
ATCATCTTCGGAAATA,delta_1
ATCATCTTCTACCAGA,delta_1
ATCATCTTCTTCAACT,delta_1
ATCATGGGTGTTTGGT,beta
ATCATGGTCGGAAACG,alpha
ATCCACCAGTGCGATG,delta_2
ATCCACCGTATAGGTA,beta
ATCCACCTCCTGCAGG,acinar
ATCCGAAAGTATGACA,beta
ATCCGAAGTCGCGAAA,beta
ATCCGAATCTATCGCC,acinar
ATCCGAATCTCGAGTA,beta
ATCGAGTCAATCGGTT,beta
ATCGAGTCAGACGCCT,beta
ATCGAGTGTAGGACAC,acinar
ATCGAGTGTTCAGTAC,delta_1
ATCGAGTTCCTGTAGA,beta
ATCTACTCATTTCAGG,delta_1
ATCTGCCAGCTGCAAG,acinar
ATCTGCCGTAGGACAC,delta_1
ATCTGCCGTCTAAACC,alpha
ATCTGCCTCCTCGCAT,beta
ATGAGGGCACGCATCG,beta
ATGAGGGGTCAGCTAT,ductal
ATGAGGGGTCCAAGTT,delta_1
ATGCGATAGACCGGAT,beta
ATGCGATAGACTACAA,endothelial
ATGGGAGAGAGGGATA,endothelial
ATGGGAGAGGTGCTAG,delta_1
ATGGGAGTCCATGAAC,delta_2
ATGTGTGAGGCATGTG,beta
ATGTGTGCACATGACT,delta_2
ATGTGTGTCATACGGT,delta_2
ATGTGTGTCTGGTGTA,delta_1
ATTACTCAGCCACTAT,delta_2
ATTACTCAGTCCATAC,delta_1
ATTACTCCAAGCGTAG,alpha
ATTACTCGTAAGAGAG,delta_1
ATTACTCGTAGCTAAA,endothelial
ATTACTCTCGGCGGTT,beta
ATTATCCAGCTCCTCT,beta
ATTATCCAGGTGCACA,delta_2
ATTATCCTCAAAGTAG,beta
ATTATCCTCGGATGTT,alpha
ATTATCCTCGGCGGTT,delta_1
ATTCTACAGGCTAGCA,beta
ATTCTACAGTATTGGA,acinar
ATTCTACCAGTCTTCC,endothelial
ATTCTACTCTTCGGTC,delta_1
ATTGGACCAAATTGCC,beta
ATTGGACGTCAAGCGA,epsilon
ATTGGACTCCTCTAGC,alpha
ATTGGACTCGATCCCT,endothelial
ATTGGACTCGCGGATC,alpha
ATTGGTGAGGCCCGTT,delta_2
ATTGGTGGTCTCTCGT,endothelial
ATTGGTGTCAGCGACC,beta
ATTGGTGTCCTCCTAG,acinar
ATTGGTGTCTTACCTA,delta_1
ATTTCTGTCTAGAGTC,beta
CAACCAAAGATGTAAC,acinar
CAACCAAAGCCTATGT,beta
CAACCAATCTCAAGTG,beta
CAACCTCCAGGCAGTA,alpha
CAACCTCGTGATGCCC,delta_1
CAACCTCTCGCATGAT,acinar
CAACTAGCACTGTGTA,beta
CAACTAGTCAATAAGG,delta_2
CAAGAAAAGAATTGTG,acinar
CAAGAAACAAGTCATC,delta_2
CAAGAAACATACTACG,delta_1
CAAGAAAGTAAGGATT,beta
CAAGATCAGGTGTGGT,acinar
CAAGATCAGTAGATGT,beta
CAAGATCAGTCTTGCA,alpha
CAAGATCCACTTACGA,beta
CAAGGCCAGAGTACCG,delta_1
CAAGGCCAGCTAAGAT,beta
CAAGGCCAGGTGCACA,beta
CAAGGCCAGTGTCCCG,acinar
CAAGGCCCAAACGTGG,endothelial
CAAGGCCCACGAGAGT,beta
CAAGGCCGTTATGCGT,delta_1
CAAGGCCTCAGCAACT,beta
CAAGGCCTCCTATTCA,beta
CAAGGCCTCTGCAGTA,endothelial
CAAGTTGAGTGTCCAT,beta
CAAGTTGGTTGGTTTG,acinar
CACAAACAGACCTTTG,delta_1
CACAAACCAGCTGGCT,acinar
CACAAACTCTTTACGT,alpha
CACACAAAGAGTGAGA,acinar
CACACAACATGAACCT,acinar
CACACAAGTCCGAACC,acinar
CACACAAGTCTGCAAT,beta
CACACAAGTGAGCGAT,ductal
CACACAATCTACCAGA,beta
CACACAATCTGGCGTG,acinar
CACACCTCAAGCGATG,endothelial
CACACCTCACGGCCAT,alpha
CACACCTCAGACGCCT,delta_2
CACACCTGTCGCATAT,delta_1
CACACCTTCTCAAACG,beta
CACAGGCAGACGCACA,acinar
CACAGGCAGCTAGTTC,alpha
CACAGGCAGGTGACCA,delta_2
CACAGGCCAATGGACG,epsilon
CACAGGCTCTGAGGGA,delta_1
CACAGTAAGACCACGA,delta_1
CACAGTAAGAGTCTGG,delta_2
CACAGTACATGTAGTC,beta
CACAGTATCTTAGAGC,alpha
CACATAGAGATGTGGC,delta_2
CACATAGAGTACGCCC,alpha
CACATAGGTAGGGTAC,delta_2
CACATTTGTGCCTGTG,beta
CACATTTGTTGCGTTA,beta
CACATTTTCCCTCAGT,beta
CACATTTTCCGTTGCT,delta_1
CACCACTCAGAGCCAA,delta_1
CACCACTTCTCTGAGA,beta
CACCAGGAGTCCGGTC,beta
CACCAGGCAATCAGAA,delta_1
CACCAGGCAATGGAGC,beta
CACCAGGGTACTTCTT,beta
CACCAGGGTCCTCCAT,beta
CACCAGGGTCTTGTCC,alpha
CACCAGGTCACGCATA,beta
CACCAGGTCCGTACAA,delta_2
CACCTTGAGATCGATA,beta
CACCTTGTCAACGGGA,delta_2
CACTCCAAGCTTCGCG,acinar
CACTCCACAACTGCTA,delta_1
CACTCCATCCGCATCT,acinar
CAGAATCCAACAACCT,acinar
CAGAATCTCACAGGCC,delta_2
CAGAATCTCCTTAATC,beta
CAGAATCTCGTGACAT,acinar
CAGAGAGAGATGGGTC,alpha
CAGAGAGCATGCCCGA,beta
CAGAGAGGTGTCTGAT,alpha
CAGAGAGTCCACGAAT,beta
CAGATCAAGACTAGGC,beta
CAGATCAAGCTGGAAC,delta_1
CAGATCAGTCGCATCG,acinar
CAGATCAGTTTCGCTC,acinar
CAGCAGCAGAAGGCCT,delta_1
CAGCAGCAGAGAACAG,delta_1
CAGCAGCAGATCGATA,acinar
CAGCAGCCACAAGTAA,delta_1
CAGCAGCGTAGCGTCC,delta_2
CAGCAGCTCCCGGATG,acinar
CAGCAGCTCGTCACGG,delta_2
CAGCATAAGTATTGGA,delta_2
CAGCATAAGTGTGAAT,delta_1
CAGCATACACATCCAA,beta
CAGCATACACTGTCGG,alpha
CAGCCGACAGTAAGAT,delta_2
CAGCCGATCGTCACGG,beta
CAGCGACGTAAGTTCC,delta_2
CAGCGACGTATATGGA,delta_2
CAGCGACTCATCGATG,beta
CAGCGACTCTGGTTCC,beta
CAGCTAAAGCGGCTTC,delta_1
CAGCTAATCAATCACG,alpha
CAGCTAATCGCATGGC,beta
CAGCTGGAGCCCAATT,endothelial
CAGCTGGAGCGTGAGT,delta_1
CAGCTGGAGCTTATCG,beta
CAGCTGGAGTCTTGCA,beta
CAGCTGGCATAAGACA,beta
CAGGTGCAGACGACGT,ductal
CAGGTGCAGAGTAATC,endothelial
CAGGTGCCAGCTTAAC,acinar
CAGTAACCACCTCGGA,alpha
CAGTAACGTTCGCTAA,alpha
CAGTAACTCCGCATAA,endothelial
CAGTAACTCTTAACCT,endothelial
CAGTCCTAGGAACTGC,delta_1
CAGTCCTGTCCTGCTT,acinar
CAGTCCTGTCTAGCCG,beta
CAGTCCTTCGGAAACG,alpha
CATATGGGTCACCTAA,beta
CATATGGGTTTGTTTC,endothelial
CATATGGTCATGGTCA,delta_2
CATATTCAGCGAGAAA,beta
CATATTCAGCGATAGC,acinar
CATATTCAGTACACCT,beta
CATATTCCATCACCCT,beta
CATATTCGTACGACCC,beta
CATATTCGTCCTAGCG,alpha
CATATTCGTTCCACTC,delta_1
CATCAAGCATATACGC,beta
CATCAAGCATCGGGTC,delta_1
CATCAAGGTACCGTAT,beta
CATCAAGGTAGAGCTG,delta_2
CATCAAGTCTAACGGT,beta
CATCAGAAGAGTGACC,beta
CATCAGAAGCGCCTCA,endothelial
CATCAGAAGTCTCCTC,delta_1
CATCAGATCGTTTGCC,delta_1
CATCCACAGTACGACG,epsilon
CATCCACGTTCCTCCA,delta_2
CATCCACTCCGTCAAA,acinar
CATCGAAAGTAATCCC,delta_1
CATCGAACAAGCCTAT,beta
CATCGAACAAGTTGTC,alpha
CATCGAAGTAGTGAAT,alpha
CATCGAAGTTGGACCC,delta_2
CATCGAAGTTTAGGAA,beta
CATCGAATCTAAGCCA,beta
CATCGGGAGACGCACA,delta_1
CATCGGGAGTAGGTGC,delta_2
CATCGGGCAACACCCG,delta_1
CATCGGGCACCATGTA,delta_2
CATCGGGCATGCAATC,endothelial
CATCGGGGTGTCTGAT,alpha
CATCGGGTCAGTCAGT,delta_1
CATGACAAGGCATGTG,beta
CATGACACACTCAGGC,beta
CATGACACAGCGAACA,beta
CATGACATCGTTACAG,beta
CATGCCTAGACTACAA,acinar
CATGCCTCAGCCTTGG,beta
CATGCCTGTCTTTCAT,delta_1
CATGCCTGTGTCGCTG,delta_2
CATGCCTTCGCGTAGC,beta
CATGGCGAGAGAACAG,endothelial
CATGGCGCACCCATTC,endothelial
CATGGCGGTAGCGTGA,delta_1
CATGGCGGTCTGCGGT,alpha
CATGGCGGTTGGGACA,beta
CATGGCGTCCCTAATT,beta
CATTATCAGCGCCTCA,acinar
CATTATCAGCTGATAA,beta
CATTATCAGCTTCGCG,acinar
CATTATCCACAACTGT,alpha
CATTATCCACACAGAG,beta
CATTATCCACGCCAGT,alpha
CATTATCTCCCTGACT,acinar
CCAATCCAGGGTGTGT,beta
CCAATCCCATTTGCTT,delta_1
CCAATCCTCATGCATG,acinar
CCAATCCTCGCAAGCC,beta
CCACCTAAGATATACG,endothelial
CCACCTAAGTAGCCGA,delta_2
CCACCTAAGTGGTCCC,beta
CCACCTATCATTGCGA,delta_1
CCACCTATCCTTCAAT,beta
CCACGGACAGCAGTTT,beta
CCACGGACAGTTAACC,beta
CCACGGACATTATCTC,delta_1
CCACGGAGTCGGGTCT,alpha
CCACTACCAGGCTGAA,beta
CCACTACGTCAACATC,beta
CCACTACGTTAAGGGC,beta
CCAGCGACACGAAATA,beta
CCAGCGACACTATCTT,delta_2
CCAGCGACATGAGCGA,beta
CCAGCGAGTCTAGGTT,delta_1
CCAGCGATCCTTTACA,acinar
CCAGCGATCGTTTAGG,beta
CCATGTCCACGGTAGA,delta_1
CCATGTCTCTATGTGG,alpha
CCATTCGAGAAGATTC,delta_2
CCATTCGAGTGTCTCA,beta
CCATTCGGTTGCGTTA,acinar
CCATTCGTCGGTTCGG,acinar
CCATTCGTCTCCCTGA,beta
CCATTCGTCTCTTATG,beta
CCCAATCAGCGTCAAG,acinar
CCCAATCCAAACCCAT,beta
CCCAATCGTAAACCTC,delta_2
CCCAATCGTGGCGAAT,beta
CCCAGTTAGACCCACC,beta
CCCAGTTAGCATGGCA,beta
CCCAGTTCAATCTGCA,alpha
CCCAGTTCACCAACCG,beta
CCCATACAGTCGTACT,beta
CCCATACGTATGCTTG,delta_2
CCCATACTCGCTTAGA,beta
CCCATACTCTATCCCG,alpha
CCCTCCTCACGCTTTC,beta
CCCTCCTCACTAAGTC,beta
CCCTCCTGTAATAGCA,delta_2
CCCTCCTTCTGAGTGT,delta_2
CCGGGATAGGAGTTGC,endothelial
CCGGGATCACTTCTGC,beta
CCGGGATGTACCATCA,delta_1
CCGGGATGTATCAGTC,beta
CCGGTAGAGAGTGACC,beta
CCGGTAGAGCGTGAGT,acinar
CCGGTAGCACTCGACG,beta
CCGGTAGTCCCGACTT,beta
CCGGTAGTCTGCCCTA,beta
CCGTACTAGCAGCCTC,beta
CCGTACTAGCTGTCTA,delta_1
CCGTACTAGTGGAGAA,delta_1
CCGTACTCACCTTGTC,delta_2
CCGTACTTCGCCAAAT,delta_2
CCGTGGAAGTGAAGAG,delta_1
CCGTGGACATCACGAT,delta_1
CCGTGGAGTCGACTAT,acinar
CCGTGGAGTCTGCAAT,alpha
CCGTGGATCAACGGGA,endothelial
CCGTTCAAGCGCTTAT,acinar
CCGTTCACAGCAGTTT,acinar
CCGTTCACAGCTGTTA,alpha
CCGTTCATCACTATTC,beta
CCGTTCATCAGTGCAT,beta
CCGTTCATCCGCATCT,acinar
CCGTTCATCGAGAGCA,endothelial
CCTAAAGAGATCGGGT,beta
CCTAAAGCACCTCGGA,delta_2
CCTAAAGTCACGCATA,acinar
CCTACACAGACAGACC,beta
CCTACACCAACGATCT,delta_1
CCTACACCAGTACACT,endothelial
CCTACACCATTAGCCA,endothelial
CCTACACGTCCAAGTT,delta_2
CCTACACGTTGGGACA,delta_2
CCTACACTCCCTCTTT,endothelial
CCTACCAAGAGCCTAG,delta_1
CCTACCACACCTATCC,delta_2
CCTACCACATTAACCG,delta_1
CCTAGCTCAAACGTGG,beta
CCTAGCTCACTTAACG,beta
CCTAGCTCAGCGATCC,beta
CCTATTAAGCACCGCT,beta
CCTATTAGTGCCTGTG,endothelial
CCTATTATCTGCCCTA,endothelial
CCTCAGTAGACCCACC,beta
CCTCAGTAGCCCGAAA,beta
CCTCAGTAGGCATGTG,alpha
CCTCAGTCATGGAATA,alpha
CCTCAGTTCTGCTGTC,delta_2
CCTCTGAAGCGTTCCG,endothelial
CCTCTGACACACCGCA,alpha
CCTCTGAGTCGGCATC,delta_1
CCTTACGCAAGGGTCA,delta_2
CCTTACGGTCACTGGC,acinar
CCTTCCCAGAATGTGT,endothelial
CCTTCCCTCAGCTCGG,delta_1
CCTTCGAAGTACACCT,beta
CCTTCGACAAAGGTGC,alpha
CCTTCGAGTAGGGACT,beta
CCTTTCTCACAACGTT,delta_1
CCTTTCTCACTAGTAC,alpha
CCTTTCTCATCACAAC,beta
CGAACATAGTGTACCT,delta_1
CGAACATGTGAGGGTT,beta
CGAACATGTGGTACAG,delta_2
CGAATGTTCTCTTATG,delta_2
CGACCTTAGAGATGAG,beta
CGACCTTAGTACACCT,beta
CGACCTTCACCAGGCT,delta_1
CGACCTTCATGGATGG,delta_2
CGACCTTGTGAGGGTT,beta
CGACCTTTCCTGTACC,delta_1
CGACTTCCAGACGCCT,endothelial
CGACTTCGTTGGTAAA,beta
CGACTTCTCTTTAGTC,beta
CGAGAAGAGCTGCAAG,delta_2
CGAGAAGCAGCTATTG,endothelial
CGAGAAGGTGAGTGAC,acinar
CGAGAAGGTTGTCGCG,delta_1
CGAGCACGTGTAACGG,beta
CGAGCCAAGAGAACAG,beta
CGAGCCAGTGCTGTAT,acinar
CGAGCCAGTGTGACGA,delta_1
CGAGCCATCGTTTGCC,acinar
CGAGCCATCTCCAACC,beta
CGAGCCATCTTTAGTC,acinar
CGATCGGAGGTGTGGT,delta_1
CGATCGGCAAGCCTAT,beta
CGATCGGCACCGAATT,beta
CGATCGGGTTCTGGTA,delta_1
CGATCGGTCAACACTG,delta_1
CGATCGGTCGACAGCC,beta
CGATGTAAGCGAGAAA,delta_1
CGATGTACACGTTGGC,delta_2
CGATGTAGTGCTTCTC,beta
CGATGTATCGAATCCA,acinar
CGATTGAAGAAGATTC,alpha
CGATTGAAGAGTCGGT,beta
CGCCAAGAGCGATAGC,acinar
CGCCAAGCACGGTAGA,delta_1
CGCGGTAAGATAGTCA,beta
CGCGGTAAGGCATGGT,endothelial
CGCGGTACACATCCGG,beta
CGCGGTACACATGTGT,beta
CGCGGTACAGCCAATT,beta
CGCGGTAGTGTTAAGA,beta
CGCGTTTAGCAGACTG,alpha
CGCGTTTAGTACTTGC,alpha
CGCGTTTAGTGACTCT,delta_2
CGCGTTTGTAAGGGCT,delta_1
CGCTATCAGACTCGGA,acinar
CGCTATCAGTTGAGAT,alpha
CGCTATCCAGGAATGC,delta_2
CGCTATCGTGTTAAGA,alpha
CGCTGGACAGTATAAG,beta
CGCTGGATCATATCGG,alpha
CGCTGGATCGGATGTT,delta_1
CGCTTCAAGACTAGAT,endothelial
CGCTTCACACGAAGCA,delta_1
CGCTTCAGTTTGGCGC,alpha
CGGACACAGAAGGCCT,delta_1
CGGACACAGGCTAGCA,delta_1
CGGACACCACCCATTC,delta_2
CGGACACGTAGAGCTG,delta_1
CGGACACGTCACCCAG,delta_2
CGGACACGTCGCGAAA,delta_2
CGGACACGTTGTTTGG,beta
CGGACACTCCAACCAA,acinar
CGGACACTCGGTGTCG,beta
CGGACACTCTCTAAGG,delta_2
CGGACTGAGGGATACC,beta
CGGACTGAGGGCTTGA,delta_1
CGGACTGGTAAGAGAG,delta_1
CGGACTGGTACCTACA,delta_1
CGGACTGGTAGCGTAG,delta_1
CGGACTGGTTACGGAG,delta_1
CGGACTGTCCATTCTA,beta
CGGAGCTAGGACATTA,delta_1
CGGAGCTAGGGATGGG,beta
CGGAGCTTCAAGGTAA,delta_2
CGGAGCTTCAGTTAGC,beta
CGGAGCTTCTACCTGC,endothelial
CGGAGTCCAAGCGATG,acinar
CGGAGTCCAAGTTGTC,delta_1
CGGAGTCTCCCTTGCA,alpha
CGGCTAGAGACGCACA,beta
CGGCTAGCAGCCAATT,acinar
CGGCTAGGTGTGACCC,beta
CGGCTAGGTTGGTGGA,delta_2
CGGGTCAAGGCATGGT,beta
CGGGTCACAAGAAAGG,delta_2
CGGGTCAGTCCAGTTA,beta
CGGGTCAGTGCACGAA,delta_2
CGGTTAAAGCTAAGAT,delta_1
CGGTTAAAGTACGACG,beta
CGGTTAAAGTCCTCCT,endothelial
CGTAGCGGTGTAATGA,delta_1
CGTAGGCAGTGAAGTT,acinar
CGTAGGCAGTTAAGTG,acinar
CGTAGGCCATGCGCAC,beta
CGTAGGCTCTTGCATT,alpha
CGTCACTAGGGCATGT,beta
CGTCACTAGTGTCCAT,beta
CGTCAGGAGTACGATA,alpha
CGTCAGGTCGTCCAGG,beta
CGTCCATAGCTAGTTC,beta
CGTCCATAGGTGGGTT,acinar
CGTCCATCAAGCTGGA,endothelial
CGTCCATGTAGCCTCG,ductal
CGTCTACAGGCACATG,alpha
CGTCTACGTGTCCTCT,acinar
CGTCTACTCACTATTC,alpha
CGTCTACTCCAAACAC,acinar
CGTCTACTCGATAGAA,beta
CGTCTACTCTACGAGT,acinar
CGTGAGCCAAGAGGCT,beta
CGTGAGCCATTAGGCT,acinar
CGTGTAACACGACTCG,delta_2
CGTGTAAGTGCCTGTG,beta
CGTGTCTAGAGTTGGC,acinar
CGTGTCTAGTTCCACA,beta
CGTGTCTGTAACGACG,beta
CGTGTCTTCAACACCA,beta
CGTTAGAAGCCAGTTT,beta
CGTTAGACACGGATAG,delta_1
CGTTAGACATGCAATC,beta
CGTTAGAGTCTGCCAG,beta
CGTTAGATCGTACGGC,beta
CGTTAGATCTAACTCT,acinar
CGTTCTGAGGGCACTA,beta
CGTTCTGCACAACTGT,epsilon
CGTTCTGCAGTATGCT,beta
CGTTCTGCATGGGACA,endothelial
CGTTCTGCATTTCAGG,acinar
CGTTGGGCAACTTGAC,beta
CGTTGGGCACATTTCT,delta_1
CGTTGGGCACCATCCT,delta_1
CGTTGGGGTACAGTTC,acinar
CGTTGGGTCATCTGCC,alpha
CGTTGGGTCTCTAAGG,beta
CTAACTTGTCTCTTAT,endothelial
CTAAGACAGATCTGAA,delta_1
CTAAGACAGTTCGCGC,delta_1
CTAAGACCAGACAAGC,acinar
CTAAGACGTCTGATCA,delta_2
CTAAGACGTGATGTGG,endothelial
CTAAGACGTGCTGTAT,acinar
CTAATGGCAACTGGCC,beta
CTAATGGCACATAACC,delta_2
CTAATGGCACGACTCG,acinar
CTAATGGGTAGCGTAG,beta
CTAATGGGTGGTCTCG,beta
CTACACCCAGGACGTA,alpha
CTACACCCATTGGCGC,delta_1
CTACATTAGGACTGGT,acinar
CTACATTCAAGACACG,alpha
CTACATTCATCTATGG,beta
CTACATTGTACAGACG,beta
CTACATTTCCGCATCT,delta_2
CTACATTTCTACGAGT,delta_1
CTACCCACACACCGAC,beta
CTACCCACAGTCAGCC,beta
CTACCCATCAGTGTTG,beta
CTACGTCAGGCCCTCA,beta
CTACGTCCACGAGAGT,beta
CTACGTCTCTTAGAGC,beta
CTAGAGTAGCCGCCTA,delta_1
CTAGAGTAGCTGCCCA,endothelial
CTAGAGTCATTCTCAT,endothelial
CTAGAGTTCACAAACC,acinar
CTAGAGTTCTCTTATG,beta
CTAGCCTAGTCACGCC,alpha
CTAGCCTCATACTCTT,delta_2
CTAGTGAAGATAGCAT,beta
CTAGTGAGTAGGCTGA,beta
CTAGTGAGTCGATTGT,delta_2
CTCACACAGCTAAACA,alpha
CTCACACAGGATGTAT,alpha
CTCACACAGGCCCGTT,alpha
CTCACACAGGGCTCTC,alpha
CTCACACGTCAAAGCG,beta
CTCACACTCCATGAGT,delta_2
CTCACACTCTTTACAC,beta
CTCAGAAAGAAACCGC,acinar
CTCAGAAAGTGTCCCG,beta
CTCAGAACAAGCCATT,delta_2
CTCAGAACATCAGTAC,beta
CTCAGAATCTTTACGT,endothelial
CTCATTACAATCAGAA,delta_1
CTCATTACACAGCCCA,acinar
CTCATTAGTGAGGCTA,delta_1
CTCATTAGTTCTGTTT,beta
CTCATTATCATGTCCC,delta_1
CTCATTATCCGTACAA,beta
CTCCTAGCAAGTACCT,beta
CTCCTAGCATACCATG,beta
CTCCTAGTCCTCAATT,acinar
CTCGAAAAGACACGAC,acinar
CTCGAGGAGAGCTGCA,delta_1
CTCGAGGCACAGACTT,beta
CTCGAGGGTAATCACC,acinar
CTCGAGGTCGTTACGA,beta
CTCGGAGCATTAGCCA,acinar
CTCGGAGGTCTAGAGG,delta_1
CTCGGAGGTCTCTTAT,delta_2
CTCGGAGTCTTTACGT,beta
CTCGGGAAGGTTCCTA,beta
CTCGGGAGTTGGTTTG,delta_1
CTCGTACAGAGGTACC,beta
CTCGTACCACGTTGGC,beta
CTCGTACCATATGGTC,delta_1
CTCGTACGTCGTGGCT,delta_1
CTCGTACGTTCCACTC,alpha
CTCGTACTCATCTGCC,alpha
CTCGTACTCTGAAAGA,beta
CTCGTCAAGAAGAAGC,acinar
CTCGTCAAGCTGCCCA,ductal
CTCGTCACAATCGGTT,beta
CTCGTCACAGCTCCGA,beta
CTCGTCAGTAAGAGGA,beta
CTCGTCAGTTACGGAG,acinar
CTCGTCATCGGACAAG,delta_1
CTCTAATAGCTGGAAC,delta_1
CTCTAATAGGATTCGG,beta
CTCTAATAGGGCTTGA,beta
CTCTAATCATACTACG,delta_1
CTCTAATGTGTCGCTG,beta
CTCTAATGTTCCGTCT,delta_1
CTCTACGAGAAGATTC,beta
CTCTACGCAATGACCT,delta_2
CTCTACGCAGGAATGC,delta_2
CTCTGGTCACGACGAA,acinar
CTCTGGTCAGTAAGAT,endothelial
CTCTGGTGTGCATCTA,delta_2
CTCTGGTTCACCATAG,beta
CTCTGGTTCCCGGATG,alpha
CTCTGGTTCCTATGTT,beta
CTGAAACAGCCAGGAT,beta
CTGAAACCACACCGCA,acinar
CTGAAACCACGACGAA,delta_1
CTGAAACCATTTCAGG,delta_2
CTGAAACTCCCGGATG,delta_1
CTGAAACTCCGTACAA,endothelial
CTGAAGTAGAACAACT,beta
CTGAAGTAGGATGCGT,endothelial
CTGAAGTCACGTAAGG,beta
CTGAAGTTCACGCGGT,delta_1
CTGAAGTTCCCTTGTG,alpha
CTGAAGTTCTCACATT,delta_1
CTGATAGAGAGCTATA,endothelial
CTGATAGAGATGCCTT,beta
CTGATAGAGTCTCGGC,delta_2
CTGATAGAGTGCGATG,delta_2
CTGATAGGTCCATCCT,beta
CTGATAGGTTCCATGA,beta
CTGATAGTCACCAGGC,delta_2
CTGATAGTCGGATGTT,endothelial
CTGATAGTCTCGGACG,acinar
CTGATCCAGGCGTACA,delta_1
CTGATCCCAGACGCTC,beta
CTGATCCCAGGTGGAT,beta
CTGATCCGTCCGAAGA,delta_1
CTGATCCGTTAAGGGC,endothelial
CTGATCCGTTGCGCAC,delta_1
CTGATCCTCCGTACAA,beta
CTGCCTAAGCCGCCTA,alpha
CTGCCTACATGTTGAC,delta_1
CTGCCTAGTACGCTGC,beta
CTGCCTATCAGCGACC,endothelial
CTGCGGAAGGATGCGT,beta
CTGCGGACACCAGATT,beta
CTGCGGACACGAGAGT,alpha
CTGCGGACATGCTGGC,beta
CTGCGGAGTACAAGTA,alpha
CTGCGGAGTCTGATCA,delta_1
CTGCGGATCACCCGAG,beta
CTGCTGTGTGTTGAGG,acinar
CTGCTGTGTTAGTGGG,acinar
CTGCTGTTCGTTTATC,beta
CTGGTCTCAGATGGGT,beta
CTGGTCTCATATGGTC,beta
CTGGTCTGTGCTAGCC,beta
CTGGTCTGTTATGTGC,acinar
CTGGTCTTCCTCGCAT,alpha
CTGGTCTTCGAACTGT,delta_1
CTGTGCTAGTACCGGA,delta_1
CTGTGCTGTTGATTGC,epsilon
CTGTGCTGTTTGCATG,acinar
CTGTTTAAGCTTTGGT,delta_1
CTGTTTACACACCGAC,beta
CTGTTTAGTGATGTCT,beta
CTGTTTAGTGTCGCTG,beta
CTGTTTAGTTCGTTGA,delta_2
CTTAACTCAAAGTGCG,delta_1
CTTAACTGTGTGTGCC,acinar
CTTAACTGTTGTTTGG,acinar
CTTAACTTCATCACCC,delta_1
CTTACCGCACCACCAG,delta_1
CTTACCGGTGCTAGCC,beta
CTTACCGTCATCGGAT,delta_2
CTTACCGTCCTCTAGC,delta_2
CTTAGGACACTCAGGC,delta_2
CTTCTCTCACCGGAAA,delta_1
CTTCTCTCAGTACACT,beta
CTTGGCTAGAGCCCAA,beta
CTTGGCTGTCATGCCG,beta
CTTGGCTGTTAGGGTG,beta
CTTGGCTTCCTTTACA,delta_1
CTTGGCTTCGAGGTAG,beta
CTTTGCGCAGTAGAGC,beta
CTTTGCGGTAGAAGGA,endothelial
CTTTGCGGTTATGTGC,beta
CTTTGCGGTTTAAGCC,beta
CTTTGCGTCAAACCGT,endothelial
CTTTGCGTCGGCATCG,endothelial
GAAACTCGTAAGAGAG,delta_2
GAAACTCGTCGACTGC,endothelial
GAAACTCTCCTTTCTC,alpha
GAAATGACATAACCTG,delta_1
GAAATGACATCACCCT,beta
GAAATGAGTACCAGTT,acinar
GAAATGATCAAACCGT,acinar
GAACATCAGACTAAGT,alpha
GAACATCAGATACACA,beta
GAACATCTCCTAGTGA,beta
GAACATCTCTGCGGCA,delta_1
GAACCTAAGGTAGCTG,beta
GAACCTACAAGCCGCT,beta
GAACCTACATGTCTCC,delta_1
GAACCTAGTGTGCCTG,epsilon
GAACCTATCCAAATGC,acinar
GAACCTATCCAATGGT,delta_2
GAACCTATCCCAAGTA,alpha
GAACCTATCGCACTCT,beta
GAACGGAAGCCATCGC,beta
GAACGGAAGGCTATCT,beta
GAACGGACACATCCAA,delta_1
GAACGGACATCGACGC,beta
GAACGGAGTAAGTAGT,delta_1
GAACGGAGTCACACGC,delta_2
GAACGGATCATGCTCC,acinar
GAACGGATCGCAAACT,delta_1
GAACGGATCTTAGCCC,beta
GAAGCAGAGAATTGTG,acinar
GAAGCAGCACCCTATC,delta_1
GAAGCAGCAGCGTAAG,delta_1
GAAGCAGTCTTTAGGG,endothelial
GAATAAGCACCCATTC,delta_1
GAATAAGCACCGCTAG,acinar
GAATAAGCACTGTTAG,beta
GAATAAGCATGAACCT,delta_2
GAATAAGGTCTAGTCA,beta
GAATAAGGTGTCAATC,acinar
GAATAAGTCACGATGT,beta
GAATAAGTCTGCGGCA,beta
GAATGAAGTTACAGAA,alpha
GACACGCAGAGTGACC,acinar
GACACGCAGGTTCCTA,alpha
GACACGCCATGCGCAC,delta_2
GACACGCGTAAGAGGA,beta
GACACGCTCCGCTGTT,delta_1
GACACGCTCTGAGTGT,delta_1
GACAGAGGTATTCTCT,ductal
GACAGAGGTGGCTCCA,beta
GACCAATAGAAACGCC,beta
GACCAATAGAGCCTAG,delta_2
GACCAATAGTACGTAA,delta_1
GACCAATGTAAGTAGT,beta
GACCAATGTATCGCAT,alpha
GACCAATGTCGCATCG,delta_1
GACCAATTCGAGGTAG,alpha
GACCTGGGTAATCACC,beta
GACCTGGGTCGGCACT,delta_1
GACCTGGTCCGCGGTA,acinar
GACCTGGTCGAGAGCA,delta_1
GACGCGTAGAGTGAGA,beta
GACGCGTCAAGTAATG,delta_2
GACGCGTCACTTCTGC,alpha
GACGCGTTCAGCCTAA,beta
GACGCGTTCTTGAGGT,endothelial
GACGGCTGTAGAAAGG,delta_2
GACGGCTGTGATGTGG,beta
GACGGCTTCCGAAGAG,delta_1
GACGGCTTCCGTTGTC,beta
GACGTGCAGACTTTCG,delta_2
GACGTGCCAATCAGAA,beta
GACGTGCTCGGAGGTA,alpha
GACTAACCAGGTGGAT,alpha
GACTAACCAGTTCCCT,beta
GACTAACGTGACTACT,delta_2
GACTACAAGATGCCTT,delta_2
GACTACAAGCAAATCA,beta
GACTACAAGCTAGTGG,beta
GACTACATCTGTCAAG,delta_1
GACTGCGCAGTATGCT,beta
GACTGCGGTACCGTAT,delta_1
GACTGCGTCAATAAGG,endothelial
GACTGCGTCTAGAGTC,delta_2
GAGCAGAAGAGTAATC,beta
GAGCAGAGTGCTAGCC,acinar
GAGCAGATCGAGCCCA,alpha
GAGGTGACATGAGCGA,delta_1
GAGGTGAGTTGCCTCT,beta
GAGGTGATCGCGTTTC,beta
GAGTCCGAGAAGATTC,endothelial
GAGTCCGGTGTGAATA,endothelial
GAGTCCGGTGTTGGGA,alpha
GAGTCCGTCTAAGCCA,endothelial
GAGTCCGTCTATCCCG,alpha
GAGTCCGTCTTAACCT,endothelial
GATCAGTAGCGCCTTG,alpha
GATCAGTCATGTCGAT,delta_2
GATCAGTGTCAACATC,beta
GATCAGTTCTTGCATT,beta
GATCGATAGATATACG,delta_2
GATCGATTCCAAGTAC,beta
GATCGCGAGCCGGTAA,acinar
GATCGCGAGGTGCACA,delta_2
GATCGCGCAAGCGCTC,beta
GATCGCGTCTTGTATC,delta_1
GATCGTAAGTAGCGGT,beta
GATCGTACAATCCAAC,delta_1
GATCGTACACATTAGC,delta_1
GATCGTAGTACATCCA,acinar
GATCGTAGTTACGACT,endothelial
GATCTAGCAGCTGCAC,alpha
GATCTAGTCAAGGTAA,delta_1
GATCTAGTCGGAGGTA,acinar
GATGAAAAGCGGATCA,alpha
GATGAAAGTCCAACTA,delta_2
GATGAAAGTGAGGGAG,beta
GATGAAATCATAAAGG,endothelial
GATGAGGAGCCTCGTG,beta
GATGAGGCACAAGACG,alpha
GATGAGGCATTGGTAC,delta_2
GATGAGGGTACAGTGG,alpha
GATGAGGGTAGCGCTC,delta_1
GATGAGGGTTGGTGGA,delta_2
GATGAGGTCATAACCG,delta_1
GATGAGGTCGGTCCGA,beta
GATGCTATCACAAACC,acinar
GATGCTATCACAACGT,beta
GATGCTATCCAGATCA,alpha
GATTCAGAGCCCAGCT,beta
GATTCAGAGTCCAGGA,alpha
GATTCAGGTAGGCATG,beta
GATTCAGGTCGACTAT,epsilon
GATTCAGGTTTGTTTC,beta
GATTCAGTCAACGCTA,delta_2
GATTCAGTCACTATTC,acinar
GCAAACTAGAACTCGG,delta_2
GCAAACTAGAATTCCC,delta_1
GCAAACTTCTACTATC,delta_1
GCAATCAAGAATTGTG,alpha
GCAATCAGTCCGAACC,delta_2
GCAATCAGTCTCATCC,beta
GCAATCATCGTTACAG,beta
GCACATAAGTATCGAA,acinar
GCACATAAGTGTACTC,delta_1
GCACATACATTTGCCC,endothelial
GCACATAGTAGTACCT,acinar
GCACATAGTCGCGGTT,alpha
GCACTCTAGTGAAGAG,beta
GCACTCTAGTGCCAGA,delta_1
GCACTCTCAATGAAAC,delta_1
GCACTCTTCCACGACG,beta
GCACTCTTCTCGTATT,acinar
GCAGCCAAGCGAAGGG,beta
GCAGCCACACATGTGT,beta
GCAGTTACAAGTTGTC,acinar
GCAGTTAGTTCAGTAC,delta_2
GCAGTTATCCAGGGCT,beta
GCAGTTATCGTTTATC,beta
GCAGTTATCTCTAAGG,endothelial
GCATACACAAGACACG,delta_2
GCATACACATTTGCCC,delta_2
GCATACATCGTAGGAG,beta
GCATGATAGTCGCCGT,delta_1
GCATGATCACATGACT,acinar
GCATGATCATTTCACT,acinar
GCATGATGTCCAACTA,ductal
GCATGCGAGAGTCGGT,acinar
GCATGCGAGATGGGTC,acinar
GCATGCGAGTTAGCGG,beta
GCATGCGCAAATTGCC,beta
GCATGCGCATCCCACT,acinar
GCATGCGCATCGACGC,beta
GCATGCGGTCTAGGTT,beta
GCATGCGGTCTCCCTA,beta
GCATGCGTCATGCATG,delta_2
GCATGTAAGGAGTACC,alpha
GCATGTACATCGGGTC,delta_1
GCATGTATCCTCGCAT,beta
GCATGTATCGCGTTTC,beta
GCATGTATCTCCGGTT,ductal
GCCAAATCATGGTCTA,delta_1
GCCAAATCATTACCTT,beta
GCCAAATGTCAGGACA,beta
GCCAAATTCCGAACGC,delta_1
GCCTCTAAGGGCACTA,acinar
GCCTCTATCAGGCCCA,delta_1
GCGACCAGTCTCACCT,acinar
GCGACCATCCTATTCA,acinar
GCGACCATCCTCAATT,acinar
GCGACCATCGTCTGAA,acinar
GCGACCATCTGGTATG,beta
GCGACCATCTGGTGTA,delta_2
GCGAGAATCGTTGCCT,acinar
GCGCAACAGCCTTGAT,delta_2
GCGCAGTAGTATTGGA,beta
GCGCAGTTCGCCGTGA,delta_1
GCGCAGTTCGCGATCG,delta_1
GCGCCAAAGTCGATAA,ductal
GCGCCAAAGTGGGATC,delta_1
GCGCCAACAAGGTTCT,delta_2
GCGCCAAGTGTTCGAT,delta_2
GCGCCAATCCAAATGC,beta
GCGCGATAGACACTAA,delta_2
GCGCGATCAAAGGTGC,alpha
GCGCGATCAACTTGAC,delta_1
GCGCGATCATGTCGAT,delta_2
GCGCGATGTTACCGAT,acinar
GCGCGATTCCACGTGG,alpha
GCGGGTTAGCCAGTTT,beta
GCGGGTTAGTACGTAA,alpha
GCGGGTTCAGCCTTGG,delta_1
GCGGGTTTCCTTGGTC,beta
GCGGGTTTCTTGAGAC,endothelial
GCTCCTAGTTGTTTGG,acinar
GCTCCTATCAAACAAG,delta_1
GCTCTGTAGGTTACCT,acinar
GCTCTGTTCCCAGGTG,acinar
GCTGCAGAGAGACTAT,delta_1
GCTGCAGCACGGATAG,delta_2
GCTGCAGTCACCGTAA,beta
GCTGCAGTCAGAGCTT,beta
GCTGCAGTCAGGCGAA,beta
GCTGCAGTCCACGTTC,beta
GCTGCAGTCTTTAGGG,delta_1
GCTGCGACAGATGGCA,acinar
GCTGCGAGTTACAGAA,ductal
GCTGCGATCGCTAGCG,alpha
GCTGCTTTCTAACGGT,alpha
GCTGGGTAGCTCAACT,delta_2
GCTGGGTGTAAAGGAG,beta
GCTGGGTGTCGAAAGC,endothelial
GCTGGGTTCCACGTTC,delta_1
GCTGGGTTCTGGGCCA,beta
GCTGGGTTCTGTGCAA,ductal
GCTTCCAGTAGAGGAA,delta_2
GCTTCCAGTAGCGTAG,delta_1
GCTTCCAGTTCCACGG,beta
GCTTGAAAGTGGTAGC,delta_1
GGAAAGCTCATGCTCC,alpha
GGAACTTAGAGTACAT,beta
GGAACTTCAACGCACC,beta
GGAACTTCAGCTGCAC,beta
GGAACTTTCACCCTCA,acinar
GGAACTTTCGCAAGCC,acinar
GGAATAACAAGTTCTG,beta
GGAATAACACGACGAA,beta
GGAATAACAGCTTAAC,delta_1
GGAATAACATTTGCTT,beta
GGAATAAGTAAGTGGC,acinar
GGAATAAGTACAGCAG,beta
GGAATAATCTACGAGT,delta_2
GGACAAGAGAGGTACC,acinar
GGACAAGGTATTCTCT,delta_2
GGACAAGTCAGGCGAA,acinar
GGACAAGTCCGCATCT,delta_1
GGACAGAAGACTACAA,alpha
GGACAGACATGCCTAA,delta_1
GGACAGATCAGCTCTC,endothelial
GGACATTTCGAATGGG,alpha
GGACATTTCGGAAACG,beta
GGACATTTCTGCCCTA,alpha
GGACGTCCAACCGCCA,delta_1
GGACGTCGTAGCTAAA,delta_2
GGACGTCTCGCGCCAA,beta
GGACGTCTCTAACGGT,delta_2
GGAGCAAAGGCCCGTT,beta
GGAGCAAAGGCGACAT,acinar
GGAGCAATCATAAAGG,alpha
GGAGCAATCGTCTGCT,acinar
GGATGTTAGCCAGGAT,ductal
GGATGTTCATTCACTT,endothelial
GGATGTTTCCGATATG,beta
GGATTACAGAAACGAG,beta
GGATTACGTCAAGCGA,beta
GGCAATTAGCTGAAAT,endothelial
GGCAATTCAAGGACTG,delta_2
GGCAATTCACCTCGTT,beta
GGCAATTCATCTACGA,delta_2
GGCAATTTCACTCCTG,ductal
GGCAATTTCAGTTCGA,beta
GGCAATTTCTTTAGGG,delta_2
GGCCGATAGACATAAC,delta_1
GGCCGATAGAGGGATA,beta
GGCCGATCATTCTTAC,beta
GGCCGATGTCAATGTC,delta_2
GGCCGATGTTAAGATG,beta
GGCGTGTTCAAGGTAA,beta
GGCTCGAAGCTATGCT,acinar
GGCTCGATCACAAACC,delta_2
GGCTGGTCAGCTTAAC,delta_2
GGCTGGTCATTGAGCT,delta_1
GGCTGGTTCGCCCTTA,beta
GGGACCTAGTGATCGG,acinar
GGGACCTCAGTCGATT,beta
GGGACCTCATCATCCC,beta
GGGACCTGTACCTACA,delta_1
GGGACCTTCAAACAAG,beta
GGGACCTTCAGGTTCA,delta_1
GGGATGAAGACCTTTG,delta_2
GGGATGAAGTTTAGGA,endothelial
GGGATGAGTAAATACG,alpha
GGGCACTAGACACGAC,delta_2
GGGCACTCAGCTGTAT,delta_1
GGGCACTGTTACAGAA,delta_2
GGGCATCAGCGTGAGT,beta
GGGCATCCAAGGACAC,delta_2
GGGCATCTCCAATGGT,delta_1
GGGCATCTCTAGCACA,beta
GGGCATCTCTATCCTA,delta_1
GGGTCTGAGGCTAGAC,endothelial
GGGTCTGAGTTCCACA,beta
GGGTCTGCAAGAAAGG,alpha
GGGTCTGGTTAAGTAG,endothelial
GGGTCTGGTTCCCGAG,delta_2
GGGTCTGTCCGCGTTT,alpha
GGGTTGCAGAAGAAGC,beta
GGTATTGTCTCTTGAT,delta_1
GGTGAAGAGAAGGTGA,alpha
GGTGAAGCAGACAAAT,beta
GGTGAAGCATCGTCGG,endothelial
GGTGAAGGTAGGCTGA,acinar
GGTGAAGGTGGTACAG,beta
GGTGAAGTCCCATTAT,delta_2
GGTGAAGTCTTTCCTC,delta_2
GGTGCGTAGATGCCAG,beta
GGTGCGTTCAAAGTAG,delta_2
GGTGCGTTCATCGGAT,delta_1
GGTGCGTTCGAGCCCA,delta_1
GGTGCGTTCTGGTTCC,acinar
GGTGTTACAGTAAGAT,delta_2
GGTGTTACATTTCACT,delta_2
GGTGTTAGTCAGAAGC,beta
GGTGTTAGTGCACGAA,beta
GGTGTTATCACCAGGC,beta
GGTGTTATCGTCTGAA,acinar
GTAACGTAGCGATTCT,delta_1
GTAACGTCACATCTTT,beta
GTAACGTCATCTCCCA,delta_2
GTAACGTGTTGTCTTT,alpha
GTAACGTTCGTAGATC,beta
GTAACTGAGTGCCATT,beta
GTAACTGGTCAATGTC,alpha
GTAACTGGTTTCCACC,beta
GTAACTGTCCGCAAGC,delta_2
GTAACTGTCTTTCCTC,ductal
GTACGTAAGAATGTTG,beta
GTACGTACACCAACCG,beta
GTACGTACATTCCTGC,delta_1
GTACGTATCCACGCAG,beta
GTACGTATCCGCGTTT,alpha
GTACTCCAGGTGTGGT,beta
GTACTCCAGTGACATA,beta
GTACTCCAGTTATCGC,beta
GTACTTTGTCACCCAG,ductal
GTAGGCCAGATCACGG,beta
GTAGGCCCACAGACTT,delta_1
GTAGGCCCACCCATTC,acinar
GTAGGCCTCAGTTTGG,delta_2
GTAGTCAAGAAGGGTA,delta_1
GTAGTCAAGCAGCCTC,beta
GTAGTCACATCCGTGG,delta_2
GTAGTCAGTCTTGATG,delta_2
GTAGTCATCAACGGCC,epsilon
GTAGTCATCAGCATGT,delta_1
GTATCTTAGCAGATCG,acinar
GTATCTTGTCATGCCG,delta_1
GTATCTTGTTAAAGAC,delta_2
GTATCTTTCCTACAGA,beta
GTATCTTTCTTCCTTC,delta_2
GTATTCTTCGTTGCCT,delta_1
GTCAAGTAGCGCCTCA,delta_1
GTCAAGTGTAGCACGA,acinar
GTCAAGTGTCTTCGTC,beta
GTCACAAAGCGATAGC,delta_1
GTCACAAAGGTCATCT,beta
GTCACAACACCAGGCT,delta_2
GTCACAACACCGCTAG,acinar
GTCACAACACTATCTT,alpha
GTCACAAGTCATCCCT,endothelial
GTCACAATCACCTCGT,beta
GTCACAATCGGTCTAA,acinar
GTCACAATCGTACCGG,delta_2
GTCACAATCTCTGCTG,beta
GTCACGGAGCACCGCT,beta
GTCACGGAGTTTAGGA,beta
GTCACGGGTCATATCG,beta
GTCACGGTCGGAAATA,acinar
GTCATTTGTCTCGTTC,alpha
GTCATTTGTTGCGTTA,delta_2
GTCATTTTCCACTGGG,delta_1
GTCCTCAAGATGTCGG,delta_1
GTCCTCAAGGAGTTTA,delta_2
GTCCTCACAGCCTTTC,alpha
GTCCTCAGTGTATGGG,beta
GTCCTCATCGCGTTTC,beta
GTCCTCATCGGCATCG,delta_1
GTCGGGTCATAGTAAG,delta_1
GTCGGGTGTGGTCTCG,acinar
GTCGGGTTCGTGGACC,beta
GTCGTAAGTAAATACG,acinar
GTCGTAAGTGTGACCC,beta
GTCTCGTCAATGTAAG,delta_1
GTCTCGTTCGCATGGC,delta_2
GTCTCGTTCTCTTGAT,beta
GTGAAGGAGGTAGCCA,beta
GTGAAGGCAATGGAAT,acinar
GTGAAGGTCAACCATG,beta
GTGAAGGTCTCTTATG,beta
GTGCAGCAGCCACGCT,beta
GTGCATAGTCGCGTGT,endothelial
GTGCGGTAGTCAAGGC,ductal
GTGCGGTGTGTAATGA,alpha
GTGCTTCAGGCAGGTT,beta
GTGCTTCCAGATGGGT,alpha
GTGCTTCGTTCCAACA,beta
GTGCTTCTCCGTAGTA,delta_2
GTGCTTCTCGGAGCAA,acinar
GTGGGTCCACTTACGA,delta_1
GTGGGTCGTTCAGTAC,beta
GTGGGTCTCCAGTAGT,beta
GTGGGTCTCTGTTGAG,delta_1
GTGTGCGCATGCTAGT,beta
GTGTGCGTCCGCGGTA,delta_1
GTGTGCGTCCGTCATC,endothelial
GTGTTAGAGGCTAGCA,acinar
GTGTTAGCATAAAGGT,delta_1
GTGTTAGGTTCTGAAC,acinar
GTTAAGCAGCCAGTTT,endothelial
GTTAAGCTCGCCAAAT,epsilon
GTTACAGAGAACTCGG,beta
GTTACAGAGAGTGACC,beta
GTTACAGCATTCTTAC,delta_1
GTTACAGGTCCTGCTT,endothelial
GTTACAGGTTTACTCT,beta
GTTACAGGTTTAGGAA,alpha
GTTCATTAGTCCTCCT,beta
GTTCATTGTGACCAAG,delta_1
GTTCATTTCAAAGACA,alpha
GTTCATTTCCGTTGTC,beta
GTTCGGGAGTAGGTGC,beta
GTTCGGGGTCTGCAAT,delta_2
GTTCTCGAGCACCGTC,delta_2
GTTCTCGAGCGTGAAC,acinar
GTTCTCGAGTGACATA,beta
GTTCTCGCACAGTCGC,delta_2
GTTCTCGCACCTTGTC,beta
GTTCTCGCAGCTCGCA,beta
GTTCTCGGTCGTGGCT,beta
GTTCTCGTCAGCGATT,delta_2
GTTCTCGTCGCCTGTT,delta_1
GTTTCTAAGAGGTACC,beta
GTTTCTAGTCCGTGAC,alpha
GTTTCTATCAACGCTA,acinar
TAAACCGAGCGTCTAT,acinar
TAAACCGCATCACGAT,delta_2
TAAACCGTCCTCTAGC,beta
TAAGAGAAGACGCAAC,endothelial
TAAGAGACAGGTGCCT,acinar
TAAGAGACATCGATTG,acinar
TAAGAGAGTTAAGGGC,delta_2
TAAGAGATCCCTAATT,endothelial
TAAGCGTAGCTTATCG,beta
TAAGCGTAGGCATTGG,delta_2
TAAGCGTTCACCACCT,delta_1
TAAGTGCAGGATCGCA,ductal
TAAGTGCAGTCCTCCT,beta
TAAGTGCCAGATCGGA,endothelial
TAAGTGCCAGTCGTGC,beta
TAAGTGCGTACACCGC,delta_1
TAAGTGCGTAGCCTCG,beta
TAAGTGCTCCGTAGTA,delta_2
TAAGTGCTCCTGCTTG,alpha
TACACGATCTGATACG,beta
TACAGTGAGCTGTCTA,endothelial
TACAGTGAGGAACTGC,beta
TACCTATAGCGTCTAT,acinar
TACCTATGTTACGACT,delta_2
TACCTATTCCGGGTGT,beta
TACCTATTCTCTGCTG,endothelial
TACCTTAAGGGTGTGT,delta_1
TACCTTACACGACGAA,delta_2
TACCTTATCGGTTAAC,beta
TACGGATAGTCTCGGC,beta
TACGGATGTAAGTTCC,beta
TACGGATGTGGTAACG,beta
TACGGATTCAAACAAG,delta_1
TACGGATTCAATCTCT,delta_1
TACGGATTCCGCAGTG,delta_1
TACGGATTCTGCGTAA,beta
TACGGGCAGGACACCA,alpha
TACGGGCAGGAGTTGC,delta_1
TACGGGCGTGTTGAGG,beta
TACGGGCGTTGTCGCG,ductal
TACGGGCTCACGATGT,endothelial
TACGGTAAGATATGGT,delta_1
TACGGTAAGGTTACCT,acinar
TACGGTAGTAGCTGCC,delta_2
TACGGTATCTTTCCTC,beta
TACTCATAGAAACGAG,alpha
TACTCATGTCGAACAG,endothelial
TACTCATGTTCAGTAC,delta_2
TACTCATTCGGTCTAA,beta
TACTCGCAGCCAGAAC,endothelial
TACTCGCAGCTAGTTC,delta_1
TACTCGCCACCAGTTA,endothelial
TACTCGCGTCACTTCC,delta_1
TACTCGCGTGGCGAAT,beta
TACTCGCTCCGTCAAA,delta_2
TACTCGCTCCTATGTT,acinar
TACTTACAGTACGACG,beta
TACTTACCACATCCGG,delta_1
TACTTACCACGGATAG,delta_1
TACTTACCAGTTAACC,delta_2
TACTTACGTCAGAAGC,alpha
TACTTGTAGATGCCAG,acinar
TACTTGTAGATGGCGT,alpha
TACTTGTGTAGAAAGG,beta
TACTTGTGTCTCATCC,beta
TACTTGTGTTGGGACA,beta
TACTTGTGTTTACTCT,beta
TACTTGTTCAAACAAG,beta
TACTTGTTCTTCAACT,beta
TAGACCACAGTTCATG,beta
TAGACCAGTGTGACCC,acinar
TAGAGCTAGACAATAC,beta
TAGAGCTCATGTCTCC,alpha
TAGAGCTTCAGTTCGA,beta
TAGCCGGGTTGTGGAG,beta
TAGGCATAGTCCATAC,delta_2
TAGGCATGTCCAGTAT,beta
TAGGCATTCACCACCT,beta
TAGGCATTCAGGCAAG,endothelial
TAGGCATTCCTTGCCA,acinar
TAGTGGTAGGTGCTTT,delta_1
TAGTGGTCAATACGCT,delta_2
TAGTGGTGTAAGAGGA,beta
TAGTGGTGTCTAAAGA,endothelial
TAGTTGGCATGCGCAC,endothelial
TAGTTGGTCGAGAGCA,beta
TATCAGGAGATGCCTT,delta_2
TATCAGGTCAGGCGAA,endothelial
TATCTCAAGAATTGTG,beta
TATCTCAAGCAATATG,delta_1
TATCTCACACTTCGAA,acinar
TATCTCATCCGTCATC,beta
TATGCCCAGAGGTACC,delta_2
TATGCCCAGTGTACGG,delta_1
TATTACCAGAACAACT,beta
TATTACCGTTAAGATG,delta_2
TATTACCTCGCTTAGA,beta
TATTACCTCTCCAGGG,delta_2
TCAACGAAGCTGCGAA,beta
TCAACGAAGGGCTTGA,beta
TCAACGAAGTGAACAT,endothelial
TCAACGACAAGCGAGT,beta
TCAACGAGTAGGCATG,delta_1
TCAACGATCCCATTAT,acinar
TCAATCTAGTTAGGTA,alpha
TCAATCTCAACACGCC,beta
TCAATCTCAAGGTTTC,beta
TCAATCTCACATCCAA,endothelial
TCAATCTGTCGCGGTT,beta
TCAATCTGTCGGCTCA,delta_2
TCACAAGGTACCCAAT,delta_1
TCACAAGTCTAAGCCA,delta_1
TCACGAACACCACCAG,beta
TCACGAACATATGAGA,beta
TCACGAATCCATGCTC,acinar
TCACGAATCGTACGGC,beta
TCAGATGGTCGGCTCA,beta
TCAGATGGTGACGCCT,delta_1
TCAGATGGTTAAAGAC,delta_2
TCAGATGTCACTATTC,delta_1
TCAGATGTCTCCGGTT,beta
TCAGCAAAGTACGCCC,alpha
TCAGCAAGTACAGCAG,endothelial
TCAGCAAGTCTTTCAT,endothelial
TCAGCAATCAGAAATG,beta
TCAGCAATCTTCATGT,acinar
TCAGCTCTCAAACAAG,acinar
TCAGCTCTCACTGGGC,epsilon
TCAGGATAGCAATCTC,delta_2
TCAGGATAGCCAACAG,alpha
TCAGGATAGCTTCGCG,delta_1
TCAGGATAGTAAGTAC,delta_1
TCAGGATAGTATCTCG,delta_1
TCAGGATCAAGACACG,delta_1
TCAGGATCAGCGAACA,endothelial
TCAGGATGTGCAGTAG,delta_2
TCAGGATTCACGCATA,acinar
TCAGGATTCCAAACAC,beta
TCAGGATTCTGCAAGT,ductal
TCAGGATTCTTCGGTC,beta
TCAGGTAAGGACACCA,beta
TCAGGTAAGTGTTGAA,alpha
TCAGGTACAACGATGG,delta_1
TCAGGTACACAACTGT,beta
TCAGGTAGTCAGTGGA,beta
TCAGGTATCTCCAACC,acinar
TCAGGTATCTGCAAGT,delta_2
TCATTACAGGACTGGT,delta_2
TCATTACAGTAACCCT,acinar
TCATTACCATTGGCGC,acinar
TCATTACGTAACGCGA,beta
TCATTACTCAAGCCTA,beta
TCATTTGAGATCTGCT,delta_2
TCATTTGGTAATAGCA,alpha
TCATTTGGTGACGGTA,acinar
TCATTTGTCCACGACG,endothelial
TCCACACAGGCGACAT,delta_2
TCCACACGTTAAGAAC,endothelial
TCCACACTCTACCTGC,delta_1
TCCCGATAGACTGGGT,endothelial
TCCCGATCATGTTCCC,ductal
TCCCGATCATTGAGCT,acinar
TCCCGATTCGCATGGC,acinar
TCCCGATTCTTGTCAT,delta_1
TCGAGGCAGTACGTTC,endothelial
TCGAGGCTCAACACTG,delta_1
TCGAGGCTCTCTGTCG,beta
TCGCGAGAGGCTCATT,delta_1
TCGCGAGCAACTGCGC,delta_1
TCGCGAGCAATGAATG,alpha
TCGCGAGCAGCGAACA,beta
TCGCGAGCAGTAGAGC,beta
TCGCGAGTCTCGGACG,delta_1
TCGCGTTAGGGATGGG,delta_1
TCGCGTTCAGATAATG,beta
TCGCGTTCATGCGCAC,beta
TCGCGTTGTACCAGTT,beta
TCGGGACAGATCACGG,beta
TCGGGACCAAAGAATC,beta
TCGGGACCAAGAGTCG,acinar
TCGGGACCACGCCAGT,delta_1
TCGGTAAGTCCTCTTG,acinar
TCGGTAAGTCGGCACT,endothelial
TCGGTAATCGGCTACG,acinar
TCGTACCAGACTAAGT,beta
TCGTACCCAAATTGCC,acinar
TCGTACCCATTGGGCC,alpha
TCGTACCGTTGGTGGA,beta
TCGTACCTCCTGCTTG,beta
TCGTAGAAGGTGCTTT,acinar
TCGTAGAAGTCCGGTC,beta
TCGTAGATCCTTAATC,beta
TCTATTGCAGGGTACA,delta_2
TCTCATAAGAAGGTGA,alpha
TCTCATACAGATAATG,beta
TCTCATACAGTAAGCG,delta_2
TCTCATAGTAGGAGTC,beta
TCTCTAACATACGCTA,delta_2
TCTCTAACATGCTAGT,beta
TCTCTAAGTCTCAACA,delta_1
TCTCTAATCTAACTTC,acinar
TCTCTAATCTGGTGTA,delta_2
TCTGAGAAGAGTAAGG,delta_2
TCTGAGAAGGTAGCCA,acinar
TCTGAGACATCACAAC,beta
TCTGAGATCTCTGTCG,beta
TCTGGAAAGCTACCTA,beta
TCTGGAAGTTGTCTTT,delta_1
TCTGGAATCAGCTCGG,alpha
TCTTCGGAGGCTATCT,beta
TCTTCGGCACATCTTT,beta
TCTTCGGTCCGTCAAA,delta_2
TCTTCGGTCCTCCTAG,delta_1
TCTTCGGTCTAACCGA,delta_2
TCTTCGGTCTCTAAGG,beta
TCTTTCCAGAACTCGG,beta
TCTTTCCAGCCTCGTG,delta_1
TCTTTCCGTTAGGGTG,delta_2
TGAAAGATCCCATTTA,delta_1
TGAAAGATCGGAAACG,beta
TGACAACAGGTGCTTT,delta_1
TGACAACCAAACTGCT,acinar
TGACAACCAGACAAAT,delta_2
TGACAACCAGGGATTG,alpha
TGACAACGTCTGCCAG,alpha
TGACAACGTCTGGTCG,epsilon
TGACAACGTGGCGAAT,beta
TGACGGCAGATGTTAG,delta_1
TGACGGCCAATGTAAG,alpha
TGACGGCGTGACGCCT,acinar
TGACGGCTCCGGCACA,delta_1
TGACTAGAGTACGATA,beta
TGACTAGTCAAGCCTA,acinar
TGACTTTAGAGTCGGT,beta
TGACTTTCATAAAGGT,beta
TGACTTTGTAAATGAC,delta_2
TGACTTTTCACTCCTG,delta_2
TGACTTTTCATTCACT,endothelial
TGACTTTTCTCGGACG,acinar
TGAGAGGAGCTGGAAC,delta_2
TGAGAGGAGTCGCCGT,beta
TGAGAGGCAGCCACCA,delta_2
TGAGAGGTCCCATTTA,beta
TGAGAGGTCGGTTAAC,delta_1
TGAGCATAGGCTAGAC,beta
TGAGCATCATAAAGGT,delta_2
TGAGCATGTCAGAGGT,acinar
TGAGCATTCTCCGGTT,beta
TGAGCATTCTGCTTGC,beta
TGAGCCGAGATGTTAG,acinar
TGAGCCGAGGCTACGA,beta
TGAGCCGAGGTGCACA,endothelial
TGAGCCGGTTAAGTAG,beta
TGAGGGAAGGATGTAT,delta_2
TGAGGGACAATAGCAA,acinar
TGAGGGATCTTCGGTC,beta
TGATTTCCAAGTCTGT,delta_1
TGATTTCGTCGCATAT,delta_1
TGATTTCTCATTATCC,beta
TGATTTCTCCTTGGTC,delta_2
TGCACCTAGCGATTCT,alpha
TGCACCTTCACTATTC,beta
TGCACCTTCGATCCCT,beta
TGCCAAAAGGGATACC,delta_2
TGCCAAAAGTCAATAG,delta_1
TGCCAAACACTTAACG,alpha
TGCCAAATCCGTCATC,delta_1
TGCCCATAGAAACCGC,acinar
TGCCCATCAGCTTCGG,delta_2
TGCCCATGTGGTCTCG,beta
TGCCCATTCCTCATTA,delta_1
TGCCCATTCTGCCCTA,beta
TGCCCTACACACTGCG,beta
TGCCCTACATTCTCAT,beta
TGCCCTATCGCGGATC,alpha
TGCCCTATCGCGTTTC,beta
TGCGCAGAGCTAGCCC,beta
TGCGCAGCAAGGCTCC,delta_1
TGCGCAGGTACAGTTC,beta
TGCGCAGGTCAGGACA,beta
TGCGCAGTCCAAGCCG,delta_1
TGCGCAGTCGGCCGAT,endothelial
TGCGTGGAGCAGACTG,alpha
TGCGTGGAGGATGGAA,beta
TGCGTGGCAGCATACT,delta_1
TGCGTGGGTTAGAACA,beta
TGCGTGGTCATGGTCA,beta
TGCTACCAGGCCCTTG,beta
TGCTACCCAAAGGTGC,beta
TGCTACCCATCCTAGA,alpha
TGCTACCGTCAATACC,beta
TGCTACCTCGCCCTTA,delta_1
TGCTACCTCTCACATT,endothelial
TGCTGCTCACTTAACG,acinar
TGCTGCTGTATAAACG,alpha
TGCTGCTTCCAGAGGA,alpha
TGGACGCAGCTACCTA,alpha
TGGACGCCACATTAGC,delta_1
TGGACGCGTCGAGTTT,delta_2
TGGACGCTCGTTGCCT,delta_2
TGGCCAGAGGCTACGA,delta_1
TGGCCAGAGTGTGAAT,alpha
TGGCCAGGTAAACACA,endothelial
TGGCCAGTCCTCGCAT,alpha
TGGCCAGTCTCTAAGG,delta_2
TGGCGCAAGCTACCGC,alpha
TGGCGCAAGGTGCTTT,delta_2
TGGCGCAGTACTCTCC,delta_2
TGGCGCATCACCTTAT,beta
TGGCGCATCGCACTCT,delta_1
TGGCGCATCGTTACAG,delta_2
TGGCTGGAGCCAGTAG,delta_2
TGGCTGGAGGTGCAAC,delta_2
TGGCTGGTCTCGATGA,acinar
TGGCTGGTCTCGTATT,beta
TGGGAAGAGTAGGCCA,beta
TGGGAAGCAGACGCTC,alpha
TGGGAAGCAGATCTGT,acinar
TGGGAAGCATCAGTCA,beta
TGGGCGTCACCACGTG,delta_1
TGGGCGTGTACATGTC,beta
TGGGCGTGTTCGAATC,delta_1
TGGGCGTTCCCTAATT,beta
TGGGCGTTCCTAGAAC,beta
TGGGCGTTCGGTCCGA,acinar
TGGTTAGCAGTTAACC,alpha
TGGTTAGGTCTACCTC,beta
TGGTTCCAGACTCGGA,alpha
TGGTTCCTCGTTTGCC,beta
TGTATTCAGCTGAAAT,delta_2
TGTATTCAGGACAGAA,beta
TGTATTCCAAAGCAAT,beta
TGTATTCCAAGCCCAC,beta
TGTATTCCAGATTGCT,beta
TGTATTCGTGTTTGGT,delta_2
TGTATTCTCGCGCCAA,beta
TGTATTCTCTGCGGCA,beta
TGTCCCACACCATCCT,delta_1
TGTCCCAGTCGACTGC,delta_1
TGTCCCAGTGCAGGTA,beta
TGTCCCAGTGTCGCTG,beta
TGTCCCAGTTGAGGTG,ductal
TGTGGTACACCTATCC,acinar
TGTGGTACAGGTCGTC,beta
TGTGTTTGTCGGCATC,beta
TGTTCCGAGTCGTACT,beta
TGTTCCGCAAGCGCTC,delta_2
TGTTCCGCATCACCCT,acinar
TTAACTCAGAGTCTGG,beta
TTAACTCAGTTATCGC,acinar
TTAACTCCAGCTGCAC,epsilon
TTAACTCCATATGCTG,beta
TTAACTCGTTATCACG,delta_1
TTAACTCTCGTGGTCG,endothelial
TTAGGACCACCTTGTC,beta
TTAGGACGTATCAGTC,delta_1
TTAGGCAAGCCTATGT,beta
TTAGGCAAGCGTTTAC,endothelial
TTAGGCAAGGCATGGT,endothelial
TTAGGCACACCGCTAG,delta_2
TTAGGCAGTCGGCTCA,endothelial
TTAGGCAGTTTGGGCC,delta_1
TTAGTTCCAATGGTCT,beta
TTAGTTCCATTCGACA,delta_1
TTATGCTAGCCACTAT,delta_1
TTATGCTAGCTCAACT,alpha
TTATGCTGTTACTGAC,delta_2
TTATGCTTCGCGGATC,beta
TTCCCAGCATCGTCGG,delta_1
TTCCCAGGTATGAAAC,ductal
TTCCCAGGTGCCTGGT,delta_1
TTCCCAGTCCGCATAA,beta
TTCCCAGTCGTGGACC,beta
TTCGAAGAGTACGTTC,endothelial
TTCGAAGCAGGCTGAA,beta
TTCGAAGGTATATGGA,delta_2
TTCGAAGGTGTTGAGG,delta_1
TTCGAAGTCAGTGCAT,acinar
TTCGAAGTCCAGTAGT,beta
TTCGAAGTCTGTTGAG,delta_2
TTCGGTCAGTTACGGG,beta
TTCGGTCCACTCAGGC,delta_2
TTCGGTCTCCGTTGTC,beta
TTCGGTCTCTTCAACT,beta
TTCTACAAGTCCATAC,beta
TTCTCAAAGCTGCAAG,delta_2
TTCTCAATCAGTCCCT,delta_1
TTCTCCTAGCTGCGAA,alpha
TTCTCCTAGGTGATAT,delta_1
TTCTCCTCACTAAGTC,delta_1
TTCTCCTGTCCTCTTG,beta
TTCTCCTGTTCGGGCT,beta
TTCTTAGAGGGTTCCC,endothelial
TTGAACGAGCGTTTAC,alpha
TTGAACGAGGGATACC,delta_1
TTGAACGGTAGCTTGT,delta_1
TTGAACGGTTGCCTCT,delta_2
TTGACTTAGTGCCAGA,acinar
TTGACTTTCGGATGGA,delta_2
TTGCCGTAGCTAAGAT,endothelial
TTGCCGTGTGCAGACA,beta
TTGCCGTTCAGTTAGC,beta
TTGCCGTTCGTACCGG,beta
TTGCCGTTCTGACCTC,acinar
TTGCGTCAGCGATAGC,endothelial
TTGCGTCCAGACGCCT,delta_2
TTGCGTCCATGCAACT,acinar
TTGCGTCGTAACGTTC,beta
TTGCGTCGTATGAATG,delta_2
TTGCGTCTCAAGCCTA,beta
TTGCGTCTCTAAGCCA,delta_1
TTGGAACGTACTCGCG,beta
TTGGAACGTAGCACGA,endothelial
TTGGAACGTGGTACAG,delta_2
TTGGAACTCATAACCG,alpha
TTGGAACTCTACTCAT,endothelial
TTGGCAAAGGGAACGG,beta
TTGGCAACATATGGTC,endothelial
TTGTAGGCAGGTGCCT,acinar
TTGTAGGGTCCCGACA,delta_1
TTGTAGGGTGAGGGAG,delta_1
TTGTAGGGTTCCGGCA,beta
TTGTAGGTCCTCAACC,alpha
TTGTAGGTCTCTGCTG,endothelial
TTGTAGGTCTGCTGTC,beta
TTTACTGAGGAACTGC,delta_2
TTTACTGAGGCTAGGT,delta_1
TTTACTGCACGGCCAT,beta
TTTACTGCATGCTAGT,delta_1
TTTACTGGTCGGCACT,delta_1
TTTATGCAGCCGTCGT,beta
TTTATGCGTCGATTGT,beta
TTTATGCTCACTTATC,beta
TTTGCGCAGTCTCCTC,delta_1
TTTGCGCAGTGGAGAA,endothelial
TTTGCGCCAAGCGATG,acinar
TTTGCGCCAATCGGTT,epsilon
TTTGCGCCACACTGCG,beta
TTTGCGCGTCCCTACT,acinar
TTTGCGCGTCTCGTTC,beta
TTTGCGCTCAGAGACG,beta
TTTGGTTCATTAGGCT,beta
TTTGGTTTCGCATGAT,delta_1
TTTGGTTTCTAACTTC,delta_2
TTTGTCAAGAGTTGGC,acinar
TTTGTCAAGGCTAGCA,ductal
TTTGTCACACCTCGGA,alpha
TTTGTCACAGGCGATA,alpha
TTTGTCACATCGGACC,alpha
TTTGTCAGTCATGCAT,acinar
TTTGTCAGTTGCTCCT,beta
